image_name,valence,activation,control,text,time_on_image,time_on_rating,time_on_text
1_8,4,6,4,sdf,1.01999998093,7.76699995995,2.90900015831
1_47,,,,,0.651999950409,0.633999824524,0.361000061035
2_6,,,,,0.266000032425,0.266000032425,0.188999891281
2_44,,,,,0.306999921799,0.125,0.172000169754
1_48,,,,,0.131999969482,0.125,0.202999830246
2_43,,,,,0.266000032425,0.156000137329,0.162999868393
