image_name,temperature,valence,activation,control,text,time_on_image,time_on_rating,time_on_text
2_43,32,,,,,4.28600001335,0.713999986649,0.822000026703
1_48,32,,,,,0.521999835968,0.297000169754,0.246999979019
