image_name,temperature,valence,activation,control,text,time_on_image,time_on_rating,time_on_text
1_47,29,,8,8,,4.68700003624,3.5649998188,1.65100002289
2_6,32,,,,,0.514999866486,0.531000137329,0.203999996185
2_44,32,,,,,0.141000032425,0.265000104904,0.130000114441
